-- Development seed data.
-- This file is intentionally rerunnable so local environments can be reseeded without manual cleanup.

BEGIN;

INSERT INTO account (principal_id, account_name, status)
VALUES
    ('10000000-0000-4000-8000-000000000001', 'dev_alice', 'ACTIVE'),
    ('10000000-0000-4000-8000-000000000002', 'dev_bob', 'ACTIVE'),
    ('10000000-0000-4000-8000-000000000003', 'dev_carol', 'ACTIVE'),
    ('10000000-0000-4000-8000-000000000004', 'dev_dave', 'ACTIVE'),
    ('10000000-0000-4000-8000-000000000005', 'dev_erika', 'ACTIVE'),
    ('10000000-0000-4000-8000-000000000006', 'dev_frank', 'ACTIVE'),
    ('10000000-0000-4000-8000-000000000007', 'dev_grace', 'ACTIVE'),
    ('10000000-0000-4000-8000-000000000008', 'dev_haru', 'ACTIVE'),
    ('10000000-0000-4000-8000-000000000009', 'dev_ivy', 'ACTIVE'),
    ('10000000-0000-4000-8000-000000000010', 'dev_jin', 'ACTIVE'),
    ('10000000-0000-4000-8000-000000000011', 'dev_kai', 'ACTIVE'),
    ('10000000-0000-4000-8000-000000000012', 'dev_luna', 'ACTIVE'),
    ('10000000-0000-4000-8000-000000000013', 'dev_mika', 'SUSPENDED'),
    ('10000000-0000-4000-8000-000000000014', 'dev_noah', 'SUSPENDED'),
    ('10000000-0000-4000-8000-000000000015', 'dev_olivia', 'DELETED')
ON CONFLICT DO NOTHING;

INSERT INTO account_metadata (principal_id, created_at, updated_at, deleted_at)
VALUES
    ('10000000-0000-4000-8000-000000000001', TIMESTAMPTZ '2026-05-01 00:00:00+00', TIMESTAMPTZ '2026-05-10 00:00:00+00', NULL),
    ('10000000-0000-4000-8000-000000000002', TIMESTAMPTZ '2026-05-01 00:10:00+00', TIMESTAMPTZ '2026-05-10 00:10:00+00', NULL),
    ('10000000-0000-4000-8000-000000000003', TIMESTAMPTZ '2026-05-01 00:20:00+00', TIMESTAMPTZ '2026-05-10 00:20:00+00', NULL),
    ('10000000-0000-4000-8000-000000000004', TIMESTAMPTZ '2026-05-01 00:30:00+00', TIMESTAMPTZ '2026-05-10 00:30:00+00', NULL),
    ('10000000-0000-4000-8000-000000000005', TIMESTAMPTZ '2026-05-01 00:40:00+00', TIMESTAMPTZ '2026-05-10 00:40:00+00', NULL),
    ('10000000-0000-4000-8000-000000000006', TIMESTAMPTZ '2026-05-01 00:50:00+00', TIMESTAMPTZ '2026-05-10 00:50:00+00', NULL),
    ('10000000-0000-4000-8000-000000000007', TIMESTAMPTZ '2026-05-01 01:00:00+00', TIMESTAMPTZ '2026-05-10 01:00:00+00', NULL),
    ('10000000-0000-4000-8000-000000000008', TIMESTAMPTZ '2026-05-01 01:10:00+00', TIMESTAMPTZ '2026-05-10 01:10:00+00', NULL),
    ('10000000-0000-4000-8000-000000000009', TIMESTAMPTZ '2026-05-01 01:20:00+00', TIMESTAMPTZ '2026-05-10 01:20:00+00', NULL),
    ('10000000-0000-4000-8000-000000000010', TIMESTAMPTZ '2026-05-01 01:30:00+00', TIMESTAMPTZ '2026-05-10 01:30:00+00', NULL),
    ('10000000-0000-4000-8000-000000000011', TIMESTAMPTZ '2026-05-01 01:40:00+00', TIMESTAMPTZ '2026-05-10 01:40:00+00', NULL),
    ('10000000-0000-4000-8000-000000000012', TIMESTAMPTZ '2026-05-01 01:50:00+00', TIMESTAMPTZ '2026-05-10 01:50:00+00', NULL),
    ('10000000-0000-4000-8000-000000000013', TIMESTAMPTZ '2026-05-01 02:00:00+00', TIMESTAMPTZ '2026-05-10 02:00:00+00', NULL),
    ('10000000-0000-4000-8000-000000000014', TIMESTAMPTZ '2026-05-01 02:10:00+00', TIMESTAMPTZ '2026-05-10 02:10:00+00', NULL),
    ('10000000-0000-4000-8000-000000000015', TIMESTAMPTZ '2026-05-01 02:20:00+00', TIMESTAMPTZ '2026-05-12 02:20:00+00', TIMESTAMPTZ '2026-05-12 02:20:00+00')
ON CONFLICT DO NOTHING;

INSERT INTO account_profile (principal_id, display_name, email, country)
VALUES
    ('10000000-0000-4000-8000-000000000001', 'Alice Aoki', 'alice@example.dev', 'JP'),
    ('10000000-0000-4000-8000-000000000002', 'Bob Brown', 'bob@example.dev', 'US'),
    ('10000000-0000-4000-8000-000000000003', 'Carol Chen', 'carol@example.dev', 'US'),
    ('10000000-0000-4000-8000-000000000004', 'Dave Doi', 'dave@example.dev', 'JP'),
    ('10000000-0000-4000-8000-000000000005', 'Erika Endo', 'erika@example.dev', 'JP'),
    ('10000000-0000-4000-8000-000000000006', 'Frank Foster', 'frank@example.dev', 'US'),
    ('10000000-0000-4000-8000-000000000007', 'Grace Goto', 'grace@example.dev', 'JP'),
    ('10000000-0000-4000-8000-000000000008', 'Haru Hayashi', 'haru@example.dev', 'JP'),
    ('10000000-0000-4000-8000-000000000009', 'Ivy Ito', 'ivy@example.dev', 'US'),
    ('10000000-0000-4000-8000-000000000010', 'Jin Jones', 'jin@example.dev', 'US'),
    ('10000000-0000-4000-8000-000000000011', 'Kai Kato', 'kai@example.dev', 'JP'),
    ('10000000-0000-4000-8000-000000000012', 'Luna Lee', 'luna@example.dev', 'US'),
    ('10000000-0000-4000-8000-000000000013', 'Mika Mori', 'mika@example.dev', 'JP'),
    ('10000000-0000-4000-8000-000000000014', 'Noah Nakamura', 'noah@example.dev', 'US'),
    ('10000000-0000-4000-8000-000000000015', 'XXXXXXXXXX', 'XXXXXXXXXX@XXXXXXXXXX', 'NOT_SET')
ON CONFLICT DO NOTHING;

INSERT INTO account_base_settings (principal_id, is_public)
VALUES
    ('10000000-0000-4000-8000-000000000001', TRUE),
    ('10000000-0000-4000-8000-000000000002', TRUE),
    ('10000000-0000-4000-8000-000000000003', FALSE),
    ('10000000-0000-4000-8000-000000000004', TRUE),
    ('10000000-0000-4000-8000-000000000005', TRUE),
    ('10000000-0000-4000-8000-000000000006', FALSE),
    ('10000000-0000-4000-8000-000000000007', TRUE),
    ('10000000-0000-4000-8000-000000000008', TRUE),
    ('10000000-0000-4000-8000-000000000009', FALSE),
    ('10000000-0000-4000-8000-000000000010', TRUE),
    ('10000000-0000-4000-8000-000000000011', TRUE),
    ('10000000-0000-4000-8000-000000000012', FALSE),
    ('10000000-0000-4000-8000-000000000013', FALSE),
    ('10000000-0000-4000-8000-000000000014', FALSE),
    ('10000000-0000-4000-8000-000000000015', FALSE)
ON CONFLICT DO NOTHING;

INSERT INTO account_identity (principal_id, subject, provider)
VALUES
    ('10000000-0000-4000-8000-000000000001', 'firebase-dev-alice', 'FIREBASE'),
    ('10000000-0000-4000-8000-000000000002', 'firebase-dev-bob', 'FIREBASE'),
    ('10000000-0000-4000-8000-000000000003', 'firebase-dev-carol', 'FIREBASE'),
    ('10000000-0000-4000-8000-000000000004', 'firebase-dev-dave', 'FIREBASE'),
    ('10000000-0000-4000-8000-000000000005', 'firebase-dev-erika', 'FIREBASE'),
    ('10000000-0000-4000-8000-000000000006', 'firebase-dev-frank', 'FIREBASE'),
    ('10000000-0000-4000-8000-000000000007', 'firebase-dev-grace', 'FIREBASE'),
    ('10000000-0000-4000-8000-000000000008', 'firebase-dev-haru', 'FIREBASE'),
    ('10000000-0000-4000-8000-000000000009', 'firebase-dev-ivy', 'FIREBASE'),
    ('10000000-0000-4000-8000-000000000010', 'firebase-dev-jin', 'FIREBASE'),
    ('10000000-0000-4000-8000-000000000011', 'firebase-dev-kai', 'FIREBASE'),
    ('10000000-0000-4000-8000-000000000012', 'firebase-dev-luna', 'FIREBASE'),
    ('10000000-0000-4000-8000-000000000013', 'firebase-dev-mika', 'FIREBASE'),
    ('10000000-0000-4000-8000-000000000014', 'firebase-dev-noah', 'FIREBASE'),
    ('10000000-0000-4000-8000-000000000015', 'firebase-dev-olivia', 'FIREBASE')
ON CONFLICT DO NOTHING;

INSERT INTO textbook (textbook_id, title, status)
VALUES
    ('20000000-0000-4000-8000-000000000001', 'Python Foundations', 'PUBLISHED'),
    ('20000000-0000-4000-8000-000000000002', 'Domain Modeling Basics', 'PUBLISHED'),
    ('20000000-0000-4000-8000-000000000003', 'PostgreSQL for Builders', 'IN_REVIEW'),
    ('20000000-0000-4000-8000-000000000004', 'FastAPI in Practice', 'DRAFT'),
    ('20000000-0000-4000-8000-000000000005', 'Refactoring Small Systems', 'PUBLISHED'),
    ('20000000-0000-4000-8000-000000000006', 'Testing with Pytest', 'PUBLISHED'),
    ('20000000-0000-4000-8000-000000000007', 'Event-Driven Thinking', 'DRAFT'),
    ('20000000-0000-4000-8000-000000000008', 'SQLModel Recipes', 'IN_REVIEW'),
    ('20000000-0000-4000-8000-000000000009', 'Auth and Authorization', 'PUBLISHED'),
    ('20000000-0000-4000-8000-000000000010', 'Readable Python', 'PUBLISHED'),
    ('20000000-0000-4000-8000-000000000011', 'System Design Notes', 'DRAFT'),
    ('20000000-0000-4000-8000-000000000012', 'Database Migrations', 'IN_REVIEW'),
    ('20000000-0000-4000-8000-000000000013', 'API Error Design', 'PUBLISHED'),
    ('20000000-0000-4000-8000-000000000014', 'Observability Primer', 'DRAFT'),
    ('20000000-0000-4000-8000-000000000015', 'Clean Architecture Walkthrough', 'PUBLISHED'),
    ('20000000-0000-4000-8000-000000000016', 'Concurrency Patterns', 'IN_REVIEW'),
    ('20000000-0000-4000-8000-000000000017', 'Legacy Rescue Guide', 'ARCHIVED'),
    ('20000000-0000-4000-8000-000000000018', 'Practical Data Modeling', 'PUBLISHED')
ON CONFLICT DO NOTHING;

INSERT INTO textbook_metadata (textbook_id, created_at, updated_at, deleted_at)
VALUES
    ('20000000-0000-4000-8000-000000000001', TIMESTAMPTZ '2026-05-02 00:00:00+00', TIMESTAMPTZ '2026-05-11 00:00:00+00', NULL),
    ('20000000-0000-4000-8000-000000000002', TIMESTAMPTZ '2026-05-02 00:10:00+00', TIMESTAMPTZ '2026-05-11 00:10:00+00', NULL),
    ('20000000-0000-4000-8000-000000000003', TIMESTAMPTZ '2026-05-02 00:20:00+00', TIMESTAMPTZ '2026-05-11 00:20:00+00', NULL),
    ('20000000-0000-4000-8000-000000000004', TIMESTAMPTZ '2026-05-02 00:30:00+00', TIMESTAMPTZ '2026-05-11 00:30:00+00', NULL),
    ('20000000-0000-4000-8000-000000000005', TIMESTAMPTZ '2026-05-02 00:40:00+00', TIMESTAMPTZ '2026-05-11 00:40:00+00', NULL),
    ('20000000-0000-4000-8000-000000000006', TIMESTAMPTZ '2026-05-02 00:50:00+00', TIMESTAMPTZ '2026-05-11 00:50:00+00', NULL),
    ('20000000-0000-4000-8000-000000000007', TIMESTAMPTZ '2026-05-02 01:00:00+00', TIMESTAMPTZ '2026-05-11 01:00:00+00', NULL),
    ('20000000-0000-4000-8000-000000000008', TIMESTAMPTZ '2026-05-02 01:10:00+00', TIMESTAMPTZ '2026-05-11 01:10:00+00', NULL),
    ('20000000-0000-4000-8000-000000000009', TIMESTAMPTZ '2026-05-02 01:20:00+00', TIMESTAMPTZ '2026-05-11 01:20:00+00', NULL),
    ('20000000-0000-4000-8000-000000000010', TIMESTAMPTZ '2026-05-02 01:30:00+00', TIMESTAMPTZ '2026-05-11 01:30:00+00', NULL),
    ('20000000-0000-4000-8000-000000000011', TIMESTAMPTZ '2026-05-02 01:40:00+00', TIMESTAMPTZ '2026-05-11 01:40:00+00', NULL),
    ('20000000-0000-4000-8000-000000000012', TIMESTAMPTZ '2026-05-02 01:50:00+00', TIMESTAMPTZ '2026-05-11 01:50:00+00', NULL),
    ('20000000-0000-4000-8000-000000000013', TIMESTAMPTZ '2026-05-02 02:00:00+00', TIMESTAMPTZ '2026-05-11 02:00:00+00', NULL),
    ('20000000-0000-4000-8000-000000000014', TIMESTAMPTZ '2026-05-02 02:10:00+00', TIMESTAMPTZ '2026-05-11 02:10:00+00', NULL),
    ('20000000-0000-4000-8000-000000000015', TIMESTAMPTZ '2026-05-02 02:20:00+00', TIMESTAMPTZ '2026-05-11 02:20:00+00', NULL),
    ('20000000-0000-4000-8000-000000000016', TIMESTAMPTZ '2026-05-02 02:30:00+00', TIMESTAMPTZ '2026-05-11 02:30:00+00', NULL),
    ('20000000-0000-4000-8000-000000000017', TIMESTAMPTZ '2026-05-02 02:40:00+00', TIMESTAMPTZ '2026-05-11 02:40:00+00', TIMESTAMPTZ '2026-05-11 02:40:00+00'),
    ('20000000-0000-4000-8000-000000000018', TIMESTAMPTZ '2026-05-02 02:50:00+00', TIMESTAMPTZ '2026-05-11 02:50:00+00', NULL)
ON CONFLICT DO NOTHING;

INSERT INTO textbook_settings (textbook_id, is_public)
VALUES
    ('20000000-0000-4000-8000-000000000001', TRUE),
    ('20000000-0000-4000-8000-000000000002', TRUE),
    ('20000000-0000-4000-8000-000000000003', FALSE),
    ('20000000-0000-4000-8000-000000000004', FALSE),
    ('20000000-0000-4000-8000-000000000005', TRUE),
    ('20000000-0000-4000-8000-000000000006', TRUE),
    ('20000000-0000-4000-8000-000000000007', FALSE),
    ('20000000-0000-4000-8000-000000000008', FALSE),
    ('20000000-0000-4000-8000-000000000009', TRUE),
    ('20000000-0000-4000-8000-000000000010', TRUE),
    ('20000000-0000-4000-8000-000000000011', FALSE),
    ('20000000-0000-4000-8000-000000000012', FALSE),
    ('20000000-0000-4000-8000-000000000013', TRUE),
    ('20000000-0000-4000-8000-000000000014', FALSE),
    ('20000000-0000-4000-8000-000000000015', TRUE),
    ('20000000-0000-4000-8000-000000000016', FALSE),
    ('20000000-0000-4000-8000-000000000017', FALSE),
    ('20000000-0000-4000-8000-000000000018', TRUE)
ON CONFLICT DO NOTHING;

INSERT INTO chapter (chapter_id, title, content)
VALUES
    ('30000000-0000-4000-8000-000000000001', 'Introduction', 'Why this topic matters and how to use the material.'),
    ('30000000-0000-4000-8000-000000000002', 'Core Concepts', 'The vocabulary and mental model for the subject.'),
    ('30000000-0000-4000-8000-000000000003', 'Worked Example', 'A complete example from start to finish.'),
    ('30000000-0000-4000-8000-000000000004', 'Common Mistakes', 'Frequent failure modes and how to avoid them.'),
    ('30000000-0000-4000-8000-000000000005', 'Exercises', 'Practice prompts for the reader.'),
    ('30000000-0000-4000-8000-000000000006', 'Reference Notes', 'Compact notes for later lookup.'),
    ('30000000-0000-4000-8000-000000000007', 'Data Types', 'How data shape influences design choices.'),
    ('30000000-0000-4000-8000-000000000008', 'Validation', 'How invalid input is detected and rejected.'),
    ('30000000-0000-4000-8000-000000000009', 'Transactions', 'Grouping changes so state remains coherent.'),
    ('30000000-0000-4000-8000-000000000010', 'Indexes', 'Trading write cost for read speed.'),
    ('30000000-0000-4000-8000-000000000011', 'Authentication', 'Identifying the actor.'),
    ('30000000-0000-4000-8000-000000000012', 'Authorization', 'Deciding what the actor may do.'),
    ('30000000-0000-4000-8000-000000000013', 'Fixtures', 'Reusable test setup with small scope.'),
    ('30000000-0000-4000-8000-000000000014', 'Parametrization', 'Covering variations without duplication.'),
    ('30000000-0000-4000-8000-000000000015', 'Boundaries', 'Designing clean edges between modules.'),
    ('30000000-0000-4000-8000-000000000016', 'Aggregates', 'Protecting invariants within a cluster.'),
    ('30000000-0000-4000-8000-000000000017', 'Repositories', 'Keeping persistence behind an interface.'),
    ('30000000-0000-4000-8000-000000000018', 'HTTP APIs', 'Shaping request and response contracts.'),
    ('30000000-0000-4000-8000-000000000019', 'Error Responses', 'Making failures useful to clients.'),
    ('30000000-0000-4000-8000-000000000020', 'Observability', 'Seeing what the system is doing.'),
    ('30000000-0000-4000-8000-000000000021', 'Migration Basics', 'Changing schema one step at a time.'),
    ('30000000-0000-4000-8000-000000000022', 'Backward Compatibility', 'Keeping old and new code alive together.'),
    ('30000000-0000-4000-8000-000000000023', 'Data Backfills', 'Moving existing rows safely.'),
    ('30000000-0000-4000-8000-000000000024', 'Cleanup', 'Removing old paths after confidence is earned.'),
    ('30000000-0000-4000-8000-000000000025', 'Concurrency', 'How work overlaps in time.'),
    ('30000000-0000-4000-8000-000000000026', 'Locks', 'Coordinating access to shared resources.'),
    ('30000000-0000-4000-8000-000000000027', 'Idempotency', 'Making retries safe.'),
    ('30000000-0000-4000-8000-000000000028', 'Legacy Constraints', 'What old systems teach us.'),
    ('30000000-0000-4000-8000-000000000029', 'Refactoring Strategy', 'Improving shape without stopping delivery.'),
    ('30000000-0000-4000-8000-000000000030', 'Naming', 'Names as compressed design.'),
    ('30000000-0000-4000-8000-000000000031', 'Functions', 'Keeping behavior small and explicit.'),
    ('30000000-0000-4000-8000-000000000032', 'Exceptions', 'Representing abnormal paths clearly.'),
    ('30000000-0000-4000-8000-000000000033', 'Deployment', 'Moving changes into real environments.'),
    ('30000000-0000-4000-8000-000000000034', 'Rollbacks', 'Returning to safety when needed.'),
    ('30000000-0000-4000-8000-000000000035', 'Monitoring', 'Watching the right signals.'),
    ('30000000-0000-4000-8000-000000000036', 'Review Checklist', 'A compact final pass before release.')
ON CONFLICT DO NOTHING;

INSERT INTO textbook_author (textbook_id, principal_id)
VALUES
    ('20000000-0000-4000-8000-000000000001', '10000000-0000-4000-8000-000000000001'),
    ('20000000-0000-4000-8000-000000000001', '10000000-0000-4000-8000-000000000002'),
    ('20000000-0000-4000-8000-000000000002', '10000000-0000-4000-8000-000000000003'),
    ('20000000-0000-4000-8000-000000000002', '10000000-0000-4000-8000-000000000004'),
    ('20000000-0000-4000-8000-000000000003', '10000000-0000-4000-8000-000000000005'),
    ('20000000-0000-4000-8000-000000000004', '10000000-0000-4000-8000-000000000006'),
    ('20000000-0000-4000-8000-000000000005', '10000000-0000-4000-8000-000000000007'),
    ('20000000-0000-4000-8000-000000000005', '10000000-0000-4000-8000-000000000008'),
    ('20000000-0000-4000-8000-000000000006', '10000000-0000-4000-8000-000000000009'),
    ('20000000-0000-4000-8000-000000000007', '10000000-0000-4000-8000-000000000010'),
    ('20000000-0000-4000-8000-000000000008', '10000000-0000-4000-8000-000000000011'),
    ('20000000-0000-4000-8000-000000000008', '10000000-0000-4000-8000-000000000012'),
    ('20000000-0000-4000-8000-000000000009', '10000000-0000-4000-8000-000000000001'),
    ('20000000-0000-4000-8000-000000000010', '10000000-0000-4000-8000-000000000002'),
    ('20000000-0000-4000-8000-000000000011', '10000000-0000-4000-8000-000000000003'),
    ('20000000-0000-4000-8000-000000000012', '10000000-0000-4000-8000-000000000004'),
    ('20000000-0000-4000-8000-000000000012', '10000000-0000-4000-8000-000000000005'),
    ('20000000-0000-4000-8000-000000000013', '10000000-0000-4000-8000-000000000006'),
    ('20000000-0000-4000-8000-000000000014', '10000000-0000-4000-8000-000000000007'),
    ('20000000-0000-4000-8000-000000000015', '10000000-0000-4000-8000-000000000008'),
    ('20000000-0000-4000-8000-000000000015', '10000000-0000-4000-8000-000000000009'),
    ('20000000-0000-4000-8000-000000000016', '10000000-0000-4000-8000-000000000010'),
    ('20000000-0000-4000-8000-000000000017', '10000000-0000-4000-8000-000000000011'),
    ('20000000-0000-4000-8000-000000000018', '10000000-0000-4000-8000-000000000012')
ON CONFLICT DO NOTHING;

INSERT INTO textbook_chapter (textbook_id, chapter_id, position)
VALUES
    ('20000000-0000-4000-8000-000000000001', '30000000-0000-4000-8000-000000000001', 1),
    ('20000000-0000-4000-8000-000000000001', '30000000-0000-4000-8000-000000000002', 2),
    ('20000000-0000-4000-8000-000000000001', '30000000-0000-4000-8000-000000000003', 3),
    ('20000000-0000-4000-8000-000000000002', '30000000-0000-4000-8000-000000000015', 1),
    ('20000000-0000-4000-8000-000000000002', '30000000-0000-4000-8000-000000000016', 2),
    ('20000000-0000-4000-8000-000000000002', '30000000-0000-4000-8000-000000000017', 3),
    ('20000000-0000-4000-8000-000000000003', '30000000-0000-4000-8000-000000000007', 1),
    ('20000000-0000-4000-8000-000000000003', '30000000-0000-4000-8000-000000000009', 2),
    ('20000000-0000-4000-8000-000000000003', '30000000-0000-4000-8000-000000000010', 3),
    ('20000000-0000-4000-8000-000000000004', '30000000-0000-4000-8000-000000000018', 1),
    ('20000000-0000-4000-8000-000000000004', '30000000-0000-4000-8000-000000000019', 2),
    ('20000000-0000-4000-8000-000000000004', '30000000-0000-4000-8000-000000000004', 3),
    ('20000000-0000-4000-8000-000000000005', '30000000-0000-4000-8000-000000000028', 1),
    ('20000000-0000-4000-8000-000000000005', '30000000-0000-4000-8000-000000000029', 2),
    ('20000000-0000-4000-8000-000000000005', '30000000-0000-4000-8000-000000000030', 3),
    ('20000000-0000-4000-8000-000000000006', '30000000-0000-4000-8000-000000000013', 1),
    ('20000000-0000-4000-8000-000000000006', '30000000-0000-4000-8000-000000000014', 2),
    ('20000000-0000-4000-8000-000000000006', '30000000-0000-4000-8000-000000000005', 3),
    ('20000000-0000-4000-8000-000000000007', '30000000-0000-4000-8000-000000000025', 1),
    ('20000000-0000-4000-8000-000000000007', '30000000-0000-4000-8000-000000000026', 2),
    ('20000000-0000-4000-8000-000000000007', '30000000-0000-4000-8000-000000000027', 3),
    ('20000000-0000-4000-8000-000000000008', '30000000-0000-4000-8000-000000000001', 1),
    ('20000000-0000-4000-8000-000000000008', '30000000-0000-4000-8000-000000000007', 2),
    ('20000000-0000-4000-8000-000000000008', '30000000-0000-4000-8000-000000000003', 3),
    ('20000000-0000-4000-8000-000000000009', '30000000-0000-4000-8000-000000000011', 1),
    ('20000000-0000-4000-8000-000000000009', '30000000-0000-4000-8000-000000000012', 2),
    ('20000000-0000-4000-8000-000000000009', '30000000-0000-4000-8000-000000000019', 3),
    ('20000000-0000-4000-8000-000000000010', '30000000-0000-4000-8000-000000000030', 1),
    ('20000000-0000-4000-8000-000000000010', '30000000-0000-4000-8000-000000000031', 2),
    ('20000000-0000-4000-8000-000000000010', '30000000-0000-4000-8000-000000000032', 3),
    ('20000000-0000-4000-8000-000000000011', '30000000-0000-4000-8000-000000000015', 1),
    ('20000000-0000-4000-8000-000000000011', '30000000-0000-4000-8000-000000000020', 2),
    ('20000000-0000-4000-8000-000000000011', '30000000-0000-4000-8000-000000000033', 3),
    ('20000000-0000-4000-8000-000000000012', '30000000-0000-4000-8000-000000000021', 1),
    ('20000000-0000-4000-8000-000000000012', '30000000-0000-4000-8000-000000000022', 2),
    ('20000000-0000-4000-8000-000000000012', '30000000-0000-4000-8000-000000000023', 3),
    ('20000000-0000-4000-8000-000000000012', '30000000-0000-4000-8000-000000000024', 4),
    ('20000000-0000-4000-8000-000000000013', '30000000-0000-4000-8000-000000000018', 1),
    ('20000000-0000-4000-8000-000000000013', '30000000-0000-4000-8000-000000000019', 2),
    ('20000000-0000-4000-8000-000000000013', '30000000-0000-4000-8000-000000000032', 3),
    ('20000000-0000-4000-8000-000000000014', '30000000-0000-4000-8000-000000000020', 1),
    ('20000000-0000-4000-8000-000000000014', '30000000-0000-4000-8000-000000000035', 2),
    ('20000000-0000-4000-8000-000000000014', '30000000-0000-4000-8000-000000000036', 3),
    ('20000000-0000-4000-8000-000000000015', '30000000-0000-4000-8000-000000000015', 1),
    ('20000000-0000-4000-8000-000000000015', '30000000-0000-4000-8000-000000000016', 2),
    ('20000000-0000-4000-8000-000000000015', '30000000-0000-4000-8000-000000000017', 3),
    ('20000000-0000-4000-8000-000000000016', '30000000-0000-4000-8000-000000000025', 1),
    ('20000000-0000-4000-8000-000000000016', '30000000-0000-4000-8000-000000000026', 2),
    ('20000000-0000-4000-8000-000000000016', '30000000-0000-4000-8000-000000000027', 3),
    ('20000000-0000-4000-8000-000000000017', '30000000-0000-4000-8000-000000000028', 1),
    ('20000000-0000-4000-8000-000000000017', '30000000-0000-4000-8000-000000000029', 2),
    ('20000000-0000-4000-8000-000000000017', '30000000-0000-4000-8000-000000000034', 3),
    ('20000000-0000-4000-8000-000000000018', '30000000-0000-4000-8000-000000000007', 1),
    ('20000000-0000-4000-8000-000000000018', '30000000-0000-4000-8000-000000000009', 2),
    ('20000000-0000-4000-8000-000000000018', '30000000-0000-4000-8000-000000000010', 3)
ON CONFLICT DO NOTHING;

COMMIT;
